,0
0,https://finance.yahoo.com/quote/AAPL/
1,https://www.marketwatch.com/investing/stock/aapl
2,https://money.cnn.com/quote/quote.html?symb=aapl
3,https://www.bloomberg.com/quote/AAPL:US
4,https://finviz.com/quote.ashx?t=AAPL
5,https://www.finanzen.net/aktien/apple-aktie
6,https://stocktwits.com/symbol/AAPL
7,https://www.apple.com/
8,https://ycharts.com/companies/AAPL
9,https://www.barchart.com/stocks/quotes/AAPL
10,https://markets.businessinsider.com/stocks/aapl-stock
11,https://www.barrons.com/market-data/stocks/aapl
12,https://www.gurufocus.com/stock/AAPL/summary
13,https://www.investing.com/equities/apple-computer-inc
14,https://www.thestreet.com/quote/aapl
15,https://www.benzinga.com/quote/AAPL
16,https://www.fool.com/quote/nasdaq/apple/aapl/
17,https://www.google.com/finance/quote/AAPL:NASDAQ
18,https://www.etoro.com/markets/aapl/stats
19,https://www.etoro.com/markets/aapl
20,https://www.zacks.com/stock/quote/AAPL
21,https://www.reuters.com/companies/AAPL.O
22,https://www.forbes.com/companies/apple/
23,https://www.investopedia.com/markets/quote?tvwidgetsymbol=aapl
24,https://www.tipranks.com/stocks/aapl/forecast
25,https://www.cnbc.com/quotes/AAPL
26,https://www.webull.com/quote/nasdaq-aapl
27,https://www.aapl.org/
28,https://robinhood.com/stocks/AAPL
29,https://simplywall.st/stocks/us/tech/nasdaq-aapl/apple
30,https://www.tradingview.com/symbols/NASDAQ-AAPL/
31,https://markets.ft.com/data/equities/tearsheet/summary?s=AAPL:NSQ
32,https://www.plus500.com/Instruments/AAPL
33,https://www.earningswhispers.com/stocks/aapl
34,https://financials.morningstar.com/ratios/r.html?t=AAPL
35,https://twitter.com/search?q=%23AAPL&lang=en
36,https://www.marketscreener.com/quote/stock/APPLE-INC-4849/
37,https://etfdb.com/stock/AAPL/
38,https://www.investorsobserver.com/symbols/aapl
39,https://seekingalpha.com/symbol/AAPL
40,https://research.tdameritrade.com/grid/public/research/stocks/summary?symbol=aapl
41,https://companiesmarketcap.com/apple/marketcap/
42,https://whalewisdom.com/stock/aapl
43,https://www.cboe.com/us/equities/market_statistics/book/AAPL/
44,https://de.advfn.com/borse/NASDAQ/AAPL/kurs
45,https://context.reverso.net/%C3%BCbersetzung/englisch-deutsch/AAPL
46,https://groww.in/us-stocks/aapl
47,https://www.stockopedia.com/share-prices/apple-inc-NSQ:AAPL/
48,https://tradingeconomics.com/aapl:us
49,https://www.dogsofthedow.com/stock/aapl.htm
50,https://marketchameleon.com/Overview/AAPL/
51,https://www.chartmill.com/stock/quote/AAPL/fundamental-analysis
52,https://www.macrotrends.net/stocks/charts/AAPL/apple/pe-ratio
53,https://www.dividendchannel.com/symbol/aapl/
54,https://www.tableau.com/solutions/gallery/aapl-ticker-0
55,https://iextrading.com/apps/stocks/AAPL
56,https://www.etf.com/stock/AAPL
57,http://www3.valueline.com/vlquotes/quote.aspx?symbol=AAPL
58,https://public.com/stocks/aapl
59,https://fintel.io/sm/us/aapl
60,https://www.ig.com/en/shares/markets-shares/apple-inc-AAPL-US
61,https://www.boerse-frankfurt.de/equity/apple-inc
62,https://www.stockconsultant.com/consultnow/basicplus.cgi?symbol=AAPL
63,https://thefly.com/news.php?symbol=AAPL
64,https://money.usnews.com/investing/stocks/aapl-apple-inc
65,https://currency.com/tokenized-apple-shares-price
66,https://finbox.com/NasdaqGS:AAPL
67,https://www.stockmonitor.com/quote/aapl/
68,https://www.nyse.com/quote/XNAS:AAPL
69,https://www.estimize.com/aapl
70,https://eresearch.fidelity.com/eresearch/evaluate/snapshot.jhtml?symbols=AAPL
71,https://www.kiplinger.com/tfn/ticker.html?ticker=AAPL
72,https://www.theglobeandmail.com/investing/markets/stocks/AAPL-Q/
73,https://www.moex.com/en/issue.aspx?board=FQBR&code=AAPL-RM
74,https://investorplace.com/stock-quotes/aapl-stock-quote/
75,https://wallmine.com/nasdaq/aapl
76,https://stockanalysis.com/stocks/aapl/
77,https://www.finscreener.org/aapl-apple-inc-4775i
78,https://www.marketbeat.com/stocks/NASDAQ/AAPL/
79,https://9to5mac.com/2021/08/17/new-aapl-all-time-high-as-it-finally-breaks-150/
80,https://www.wallstreet-online.de/aktien/apple-aktie
81,https://www.youtube.com/watch?v=vpY5QgcOXJM
82,https://crowdwisdom.live/us-stocks/apple-stock-price-forecast-short-and-long-term/
83,https://markets.financialcontent.com/stocks/quote?Symbol=AAPL
84,https://stockinvest.us/stock/AAPL
85,https://wccftech.com/apple-car-aapl-team-discusses-ev-plans-with-key-components-manufacturers-during-a-secretive-korean-jaunt-over-the-weekend/
86,https://quotes.ino.com/charting/?s=NASDAQ_AAPL
87,https://www.streetinsider.com/stock_lookup.php?q=AAPL
88,https://www.fxstreet.com/news/apple-aapl-stock-price-and-forecast-apple-breaks-out-then-pulls-back-but-still-bullish-above-150-202108181016
89,https://macdailynews.com/2021/08/10/zacks-bull-of-the-day-apple-aapl/
90,https://www.ownsnap.com/apple-aapl-stock-moves-abruptly-by-2-55-today-the-company-apples-product-engraving-service-is-censored-much-more-severely-in-china/
91,https://stocksregister.com/2021/08/13/apple-inc-nasdaq-aapl-shares-are-set-to-rise-by-2021/
92,http://aapl-architects.org/
93,http://accordrazbor.ru/aapl-n
94,https://www.fxcm.com/de/quotes/shares/aapl/
95,https://www.boersennews.de/markt/aktien/detail/us0378331005/
96,https://www.economywatch.com/news/apple-stock-price-rises-13-in-2021-time-to-buy-aapl-stock/
97,https://finance.yahoo.com/quote/AAPL/
98,https://finance.yahoo.com/quote/AAPL?p=AAPL
99,https://finance.yahoo.com/quote/AAPL
100,https://finance.yahoo.com/chart/AAPL/
101,https://finance.yahoo.com/quote/AAPL/key-statistics/
102,https://www.marketwatch.com/investing/stock/aapl
103,https://money.cnn.com/quote/quote.html?symb=aapl
104,https://de.finance.yahoo.com/quote/AAPL/
105,https://finviz.com/quote.ashx?t=AAPL
106,https://www.finanzen.net/aktien/apple-aktie
107,https://stocktwits.com/symbol/AAPL
108,https://www.nasdaq.com/market-activity/stocks/aapl
109,https://ca.finance.yahoo.com/quote/AAPL/
110,https://www.wsj.com/market-data/quotes/AAPL
111,https://www.apple.com/
112,https://ycharts.com/companies/AAPL
113,https://markets.businessinsider.com/stocks/aapl-stock
114,https://www.barrons.com/market-data/stocks/aapl
115,https://finance.yahoo.com/quote/AAPL/history/
116,https://www.investing.com/equities/apple-computer-inc
117,https://www.thestreet.com/quote/aapl
118,https://uk.finance.yahoo.com/quote/AAPL/
119,https://it.finance.yahoo.com/q?s=aapl
120,https://www.landman.org/
121,https://www.benzinga.com/quote/AAPL
122,https://www.nasdaq.com/market-activity/stocks/aapl/real-time
123,https://www.google.com/finance/quote/AAPL:NASDAQ
124,https://www.etoro.com/markets/aapl/stats
125,https://www.etoro.com/markets/aapl
126,https://www.gurufocus.com/stock/AAPL/summary
127,https://www.forbes.com/companies/apple/
128,https://www.zacks.com/stock/quote/AAPL
129,https://www.reuters.com/companies/AAPL.O
130,https://www.investopedia.com/markets/quote?tvwidgetsymbol=aapl
131,https://www.tipranks.com/stocks/aapl/forecast
132,https://research.investors.com/stock-quotes/nasdaq-apple-inc-aapl.htm
133,https://www.webull.com/quote/nasdaq-aapl
134,https://www.investopedia.com/markets/stocks/aapl/
135,https://www.aapl.org/
136,https://robinhood.com/stocks/AAPL
137,https://www.nasdaq.com/market-activity/stocks/aapl/earnings
138,https://www.reuters.com/companies/AAPL.OQ
139,https://finance.yahoo.com/quote/aapl/analysis/
140,https://finance.yahoo.com/quote/AAPL/options/
141,https://finance.yahoo.com/quote/AAPL/profile/
142,https://www.nasdaq.com/market-activity/stocks/aapl/dividend-history
143,https://www.nasdaq.com/market-activity/stocks/aapl/pre-market-trades
144,https://www.nasdaq.com/market-activity/stocks/aapl/option-chain
145,https://www.nasdaq.com/market-activity/stocks/aapl/short-interest
146,https://www.tradingview.com/symbols/NASDAQ-AAPL/
147,https://markets.ft.com/data/equities/tearsheet/summary?s=AAPL:NSQ
148,https://www.wsj.com/market-data/quotes/AAPL/historical-prices
149,https://finance.yahoo.com/quote/AAPL/chart/
150,https://finance.yahoo.com/quote/AAPL/chart?p=AAPL
151,https://finance.yahoo.com/quote/AAPL/news?p=AAPL
152,https://finance.yahoo.com/quote/AAPL/community?p=AAPL
153,https://in.finance.yahoo.com/quote/AAPL/
154,https://au.finance.yahoo.com/quote/AAPL/
155,https://www.marketwatch.com/investing/stock/aapl/charts
156,https://uk.finance.yahoo.com/quote/AAPL
157,https://www.nasdaq.com/market-activity/stocks/aapl/news-headlines
158,https://finance.yahoo.com/quote/aapl/news?ltr=1
159,https://finance.yahoo.com/quote/AAPL/financials/
160,https://finance.yahoo.com/quote/AAPL/news/
161,https://finance.yahoo.com/quote/AAPL/financials?p=AAPL
162,https://www.nasdaq.com/market-activity/stocks/aapl/analyst-research
163,https://www.nasdaq.com/market-activity/stocks/aapl/latest-real-time-trades
164,https://de.finance.yahoo.com/quote/aapl/
165,https://de.finance.yahoo.com/quote/AAPL/analysis/
166,https://uk.finance.yahoo.com/quote/AAPL?p=AAPL
167,https://de.finance.yahoo.com/quote/AAPL/history/
168,https://de.finance.yahoo.com/quote/AAPL/options?p=AAPL
169,https://de.finance.yahoo.com/quote/AAPL/key-statistics/
170,https://finance.yahoo.com/quote/AAPL/balance-sheet/
171,https://www.earningswhispers.com/stocks/aapl
172,https://money.cnn.com/quote/forecast/forecast.html?symb=AAPL
173,https://investor.apple.com/stock-price/default.aspx
174,https://seekingalpha.com/symbol/AAPL
175,https://ycharts.com/companies/AAPL/pe_ratio
